{
  "T": 3.0,
  "pi_train": [
    0.23324021697044373,
    0.43994414806365967,
    0.3268156349658966
  ],
  "pi_test_bbse": [
    0.2275717172154872,
    0.4477270334324933,
    0.3247012493520195
  ],
  "thr_refined": [
    0.3468,
    0.395,
    0.31700000000000006
  ],
  "thr_refined_tilt": [
    0.32600000000000007,
    0.4,
    0.31100000000000005
  ],
  "best_bias": [
    0.0,
    0.2,
    0.0625
  ]
}