{
  "T": 2.1,
  "pi_train": [
    0.08636976778507233,
    0.7989203929901123,
    0.11470985412597656
  ],
  "pi_test_bbse": [
    0.1525287331251587,
    0.6263855571337185,
    0.22108570974112274
  ],
  "thr_refined": [
    0.28250000000000003,
    0.3083,
    0.51
  ],
  "thr_refined_tilt": [
    0.34,
    0.2,
    0.2
  ],
  "best_bias": [
    0.0,
    0.2,
    0.0
  ]
}