{
  "T": 3.0,
  "pi_train": [
    0.21059782803058624,
    0.5054348111152649,
    0.28396740555763245
  ],
  "pi_test_bbse": [
    0.2688196586088597,
    0.5222338181546194,
    0.20894652323652077
  ],
  "thr_refined": [
    0.4,
    0.29250000000000004,
    0.29900000000000004
  ],
  "thr_refined_tilt": [
    0.45,
    0.27,
    0.2
  ],
  "best_bias": [
    0.06666666666666667,
    0.2,
    0.0
  ]
}