{
  "T": 0.8,
  "pi_train": [
    0.08636976778507233,
    0.7989203929901123,
    0.11470985412597656
  ],
  "pi_test_bbse": [
    0.0,
    0.8513937662116865,
    0.1486062337883136
  ],
  "thr_refined": [
    0.35600000000000004,
    0.45000000000000007,
    0.22
  ],
  "thr_refined_tilt": [
    0.2,
    0.2,
    0.36
  ],
  "best_bias": [
    0.2,
    0.0,
    0.0
  ]
}