{
  "T": 3.0,
  "pi_train": [
    0.25923392176628113,
    0.37072503566741943,
    0.37004104256629944
  ],
  "pi_test_bbse": [
    0.2101333366098449,
    0.41728776111176785,
    0.3725789022783872
  ],
  "thr_refined": [
    0.28437500000000004,
    0.4,
    0.38
  ],
  "thr_refined_tilt": [
    0.2,
    0.42000000000000004,
    0.35
  ],
  "best_bias": [
    0.0,
    0.2,
    0.1875
  ]
}