{
  "T": 0.8,
  "pi_train": [
    0.08481532335281372,
    0.800273597240448,
    0.11491107940673828
  ],
  "pi_test_bbse": [
    0.12147625488376905,
    0.7570474902324619,
    0.12147625488376905
  ],
  "thr_refined": [
    0.2,
    0.2,
    0.32
  ],
  "thr_refined_tilt": [
    0.28250000000000003,
    0.42500000000000004,
    0.2611
  ],
  "best_bias": [
    0.0,
    0.13333333333333333,
    0.25
  ]
}