{
  "T": 0.8,
  "pi_train": [
    0.08481532335281372,
    0.800273597240448,
    0.11491107940673828
  ],
  "pi_test_bbse": [
    0.25271332647592093,
    0.3845032143416587,
    0.36278345918242044
  ],
  "thr_refined": [
    0.2,
    0.2,
    0.26
  ],
  "thr_refined_tilt": [
    0.2,
    0.2,
    0.56
  ],
  "best_bias": [
    0.0,
    0.0,
    0.0
  ]
}