{
  "T": 3.0,
  "pi_train": [
    0.21059782803058624,
    0.5054348111152649,
    0.28396740555763245
  ],
  "pi_test_bbse": [
    0.24536028872267168,
    0.5147833723634855,
    0.2398563389138429
  ],
  "thr_refined": [
    0.3365,
    0.32999999999999996,
    0.34
  ],
  "thr_refined_tilt": [
    0.44000000000000006,
    0.31100000000000005,
    0.229
  ],
  "best_bias": [
    0.0,
    0.2,
    0.0
  ]
}