{
  "T": 0.8,
  "pi_train": [
    0.08379888534545898,
    0.8016759753227234,
    0.11452513933181763
  ],
  "pi_test_bbse": [
    0.6461842417796194,
    0.0,
    0.3538157582203806
  ],
  "thr_refined": [
    0.26,
    0.2,
    0.32
  ],
  "thr_refined_tilt": [
    0.61,
    0.2,
    0.38
  ],
  "best_bias": [
    0.0,
    0.0,
    0.0
  ]
}