{
  "T": 0.8,
  "pi_train": [
    0.08636976778507233,
    0.7989203929901123,
    0.11470985412597656
  ],
  "pi_test_bbse": [
    0.02820611394845852,
    0.9435877721030829,
    0.02820611394845852
  ],
  "thr_refined": [
    0.45,
    0.49250000000000005,
    0.32
  ],
  "thr_refined_tilt": [
    0.24000000000000002,
    0.2,
    0.2
  ],
  "best_bias": [
    0.0,
    0.13333333333333333,
    0.0
  ]
}