{
  "T": 3.0,
  "pi_train": [
    0.17031463980674744,
    0.5909712910652161,
    0.2387140840291977
  ],
  "pi_test_bbse": [
    0.1786109165401551,
    0.5838709419464809,
    0.23751814151336406
  ],
  "thr_refined": [
    0.24912500000000004,
    0.41450000000000004,
    0.42000000000000004
  ],
  "thr_refined_tilt": [
    0.26,
    0.42000000000000004,
    0.42000000000000004
  ],
  "best_bias": [
    0.0,
    0.2,
    0.25
  ]
}