{
  "T": 0.8,
  "pi_train": [
    0.08636976778507233,
    0.7989203929901123,
    0.11470985412597656
  ],
  "pi_test_bbse": [
    0.0,
    0.9198386560047854,
    0.08016134399521452
  ],
  "thr_refined": [
    0.55,
    0.26,
    0.32
  ],
  "thr_refined_tilt": [
    0.2,
    0.2,
    0.32
  ],
  "best_bias": [
    0.0,
    0.2,
    0.0
  ]
}