{
  "T": 3.0,
  "pi_train": [
    0.23324021697044373,
    0.43994414806365967,
    0.3268156349658966
  ],
  "pi_test_bbse": [
    0.22573735535220485,
    0.4481296937285812,
    0.326132950919214
  ],
  "thr_refined": [
    0.36,
    0.37,
    0.3295
  ],
  "thr_refined_tilt": [
    0.36,
    0.37,
    0.32
  ],
  "best_bias": [
    0.06666666666666667,
    0.2,
    0.125
  ]
}