{
  "T": 3.0,
  "pi_train": [
    0.22290809452533722,
    0.4622770845890045,
    0.31481480598449707
  ],
  "pi_test_bbse": [
    0.27753797991161977,
    0.4070987003868771,
    0.31536331970150305
  ],
  "thr_refined": [
    0.29250000000000004,
    0.5,
    0.38
  ],
  "thr_refined_tilt": [
    0.29250000000000004,
    0.46,
    0.39
  ],
  "best_bias": [
    0.0,
    0.2,
    0.25
  ]
}