{
  "T": 0.8,
  "pi_train": [
    0.08636976778507233,
    0.7989203929901123,
    0.11470985412597656
  ],
  "pi_test_bbse": [
    0.02940525690592104,
    0.9094278525006421,
    0.06116689059343687
  ],
  "thr_refined": [
    0.45,
    0.5145000000000001,
    0.3295
  ],
  "thr_refined_tilt": [
    0.26,
    0.56,
    0.22
  ],
  "best_bias": [
    0.0,
    0.2,
    0.0
  ]
}