{
  "T": 3.0,
  "pi_train": [
    0.23324021697044373,
    0.43994414806365967,
    0.3268156349658966
  ],
  "pi_test_bbse": [
    0.26480316168251816,
    0.4107305454326633,
    0.3244662928848187
  ],
  "thr_refined": [
    0.31174999999999997,
    0.42000000000000004,
    0.35
  ],
  "thr_refined_tilt": [
    0.34,
    0.38,
    0.38
  ],
  "best_bias": [
    0.2,
    0.0,
    0.25
  ]
}