{
  "T": 3.0,
  "pi_train": [
    0.21059782803058624,
    0.5054348111152649,
    0.28396740555763245
  ],
  "pi_test_bbse": [
    0.3597984554309386,
    0.46868413450642427,
    0.1715174100626372
  ],
  "thr_refined": [
    0.43400000000000005,
    0.28,
    0.30000000000000004
  ],
  "thr_refined_tilt": [
    0.2,
    0.24000000000000002,
    0.2
  ],
  "best_bias": [
    0.0,
    0.0,
    0.1875
  ]
}