{
  "T": 3.0,
  "pi_train": [
    0.21059782803058624,
    0.5054348111152649,
    0.28396740555763245
  ],
  "pi_test_bbse": [
    0.20320509171404502,
    0.5332290726843381,
    0.26356583560161695
  ],
  "thr_refined": [
    0.395,
    0.3460000000000001,
    0.31100000000000005
  ],
  "thr_refined_tilt": [
    0.37,
    0.37,
    0.28750000000000003
  ],
  "best_bias": [
    0.06666666666666667,
    0.2,
    0.0
  ]
}