{
  "T": 3.0,
  "pi_train": [
    0.25923392176628113,
    0.37072503566741943,
    0.37004104256629944
  ],
  "pi_test_bbse": [
    0.2659220669013684,
    0.35887029503065304,
    0.37520763806797863
  ],
  "thr_refined": [
    0.291375,
    0.39,
    0.36
  ],
  "thr_refined_tilt": [
    0.3225,
    0.38,
    0.37
  ],
  "best_bias": [
    0.13333333333333333,
    0.0,
    0.125
  ]
}