{
  "T": 0.8,
  "pi_train": [
    0.08481532335281372,
    0.800273597240448,
    0.11491107940673828
  ],
  "pi_test_bbse": [
    0.1535563982182285,
    0.23566620193608193,
    0.6107773998456896
  ],
  "thr_refined": [
    0.2,
    0.2,
    0.28
  ],
  "thr_refined_tilt": [
    0.2,
    0.2,
    0.2
  ],
  "best_bias": [
    0.0,
    0.0,
    0.0
  ]
}