{
  "T": 0.8,
  "pi_train": [
    0.08379888534545898,
    0.8016759753227234,
    0.11452513933181763
  ],
  "pi_test_bbse": [
    0.7258190012378068,
    0.2741809987621932,
    0.0
  ],
  "thr_refined": [
    0.32,
    0.2,
    0.2
  ],
  "thr_refined_tilt": [
    0.2,
    0.2,
    0.2
  ],
  "best_bias": [
    0.0,
    0.0,
    0.0
  ]
}