{
  "T": 3.0,
  "pi_train": [
    0.25923392176628113,
    0.37072503566741943,
    0.37004104256629944
  ],
  "pi_test_bbse": [
    0.2523465338234888,
    0.37604928893549316,
    0.3716041772410181
  ],
  "thr_refined": [
    0.31100000000000005,
    0.395,
    0.36
  ],
  "thr_refined_tilt": [
    0.2665,
    0.41000000000000003,
    0.33999999999999997
  ],
  "best_bias": [
    0.0,
    0.2,
    0.0625
  ]
}